timestamp,rss_kib
2026-09-15T15:56:14+02:00,1954944
2026-09-15T15:56:15+02:00,1954944
2026-09-15T15:56:16+02:00,1954944
2026-09-15T15:56:17+02:00,1954944
2026-09-15T15:56:18+02:00,1954944
2026-09-15T15:56:19+02:00,1954944
2026-09-15T15:56:21+02:00,1954944
2026-09-15T15:56:22+02:00,1954944
2026-09-15T15:56:23+02:00,1954944
2026-09-15T15:56:24+02:00,1954944
2026-09-15T15:56:25+02:00,1954944
2026-09-15T15:56:26+02:00,1954944
2026-09-15T15:56:27+02:00,1954944
2026-09-15T15:56:28+02:00,1954944
2026-09-15T15:56:29+02:00,1954944
2026-09-15T15:56:30+02:00,1954944
2026-09-15T15:56:31+02:00,1954944
2026-09-15T15:56:32+02:00,1954944
2026-09-15T15:56:33+02:00,1954944
2026-09-15T15:56:34+02:00,1954944
2026-09-15T15:56:35+02:00,1954944
2026-09-15T15:56:36+02:00,1954944
2026-09-15T15:56:37+02:00,1954944
2026-09-15T15:56:38+02:00,1954944
2026-09-15T15:56:39+02:00,1954944
2026-09-15T15:56:40+02:00,1954944
2026-09-15T15:56:41+02:00,1954944
2026-09-15T15:56:42+02:00,1954944
2026-09-15T15:56:43+02:00,1954944
2026-09-15T15:56:44+02:00,1954944
2026-09-15T15:56:45+02:00,1954944
2026-09-15T15:56:46+02:00,1954944
2026-09-15T15:56:47+02:00,1954944
2026-09-15T15:56:48+02:00,1954944
2026-09-15T15:56:49+02:00,1954944
2026-09-15T15:56:50+02:00,1954944
2026-09-15T15:56:51+02:00,1954944
2026-09-15T15:56:52+02:00,1954944
2026-09-15T15:56:53+02:00,1954944
2026-09-15T15:56:54+02:00,1954944
2026-09-15T15:56:55+02:00,1954944
2026-09-15T15:56:57+02:00,1954944
2026-09-15T15:56:58+02:00,1954944
2026-09-15T15:56:59+02:00,1954944
2026-09-15T15:57:00+02:00,1954944
2026-09-15T15:57:01+02:00,1954944
2026-09-15T15:57:02+02:00,1954944
2026-09-15T15:57:03+02:00,1954944
2026-09-15T15:57:04+02:00,1954944
2026-09-15T15:57:05+02:00,1954944
2026-09-15T15:57:06+02:00,1954944
2026-09-15T15:57:07+02:00,1954944
2026-09-15T15:57:08+02:00,1954944
2026-09-15T15:57:09+02:00,1954944
2026-09-15T15:57:10+02:00,1954944
2026-09-15T15:57:11+02:00,1954944
2026-09-15T15:57:12+02:00,1954944
2026-09-15T15:57:13+02:00,1954944
2026-09-15T15:57:14+02:00,1954944
2026-09-15T15:57:15+02:00,1954944
2026-09-15T15:57:16+02:00,1954944
2026-09-15T15:57:17+02:00,1954944
2026-09-15T15:57:18+02:00,1954944
2026-09-15T15:57:19+02:00,1954944
2026-09-15T15:57:20+02:00,1954944
2026-09-15T15:57:21+02:00,1954944
2026-09-15T15:57:22+02:00,1954944
2026-09-15T15:57:23+02:00,1954944
2026-09-15T15:57:24+02:00,1969424
2026-09-15T15:57:25+02:00,1969424
2026-09-15T15:57:26+02:00,1969424
2026-09-15T15:57:27+02:00,1969424
2026-09-15T15:57:29+02:00,1969424
2026-09-15T15:57:30+02:00,1969424
2026-09-15T15:57:31+02:00,1969424
2026-09-15T15:57:32+02:00,1969424
2026-09-15T15:57:33+02:00,1969424
2026-09-15T15:57:34+02:00,1969424
2026-09-15T15:57:35+02:00,1969424
2026-09-15T15:57:36+02:00,1969424
2026-09-15T15:57:37+02:00,1969424
2026-09-15T15:57:38+02:00,1969424
2026-09-15T15:57:39+02:00,1969424
2026-09-15T15:57:40+02:00,1969424
2026-09-15T15:57:41+02:00,1969424
2026-09-15T15:57:42+02:00,1969424
2026-09-15T15:57:43+02:00,1969424
2026-09-15T15:57:44+02:00,1969424
2026-09-15T15:57:45+02:00,1969424
2026-09-15T15:57:47+02:00,1969424
2026-09-15T15:57:48+02:00,1969424
2026-09-15T15:57:49+02:00,1969424
2026-09-15T15:57:50+02:00,1969424
2026-09-15T15:57:51+02:00,1969424
2026-09-15T15:57:52+02:00,1969424
2026-09-15T15:57:53+02:00,1969424
2026-09-15T15:57:54+02:00,1969424
2026-09-15T15:57:55+02:00,1969424
2026-09-15T15:57:56+02:00,1969424
2026-09-15T15:57:57+02:00,1969424
2026-09-15T15:57:58+02:00,1969424
2026-09-15T15:57:59+02:00,1969424
2026-09-15T15:58:00+02:00,1969424
2026-09-15T15:58:01+02:00,1969424
2026-09-15T15:58:02+02:00,1969424
2026-09-15T15:58:03+02:00,2000528
2026-09-15T15:58:05+02:00,2000528
2026-09-15T15:58:06+02:00,2000528
2026-09-15T15:58:07+02:00,2000528
2026-09-15T15:58:08+02:00,2000528
2026-09-15T15:58:09+02:00,2000528
2026-09-15T15:58:10+02:00,2000528
2026-09-15T15:58:11+02:00,2000528
2026-09-15T15:58:12+02:00,2000528
2026-09-15T15:58:13+02:00,2000528
2026-09-15T15:58:14+02:00,2000528
2026-09-15T15:58:15+02:00,2000528
2026-09-15T15:58:16+02:00,2000528
2026-09-15T15:58:17+02:00,2000528
2026-09-15T15:58:18+02:00,2000528
2026-09-15T15:58:19+02:00,2000528
2026-09-15T15:58:20+02:00,2000528
2026-09-15T15:58:22+02:00,2000528
2026-09-15T15:58:23+02:00,2000528
2026-09-15T15:58:24+02:00,2000528
2026-09-15T15:58:25+02:00,2000528
2026-09-15T15:58:26+02:00,2000528
2026-09-15T15:58:27+02:00,2000528
2026-09-15T15:58:28+02:00,2000528
2026-09-15T15:58:29+02:00,2000528
2026-09-15T15:58:30+02:00,2000528
2026-09-15T15:58:31+02:00,2000528
2026-09-15T15:58:32+02:00,2000528
2026-09-15T15:58:33+02:00,2000528
2026-09-15T15:58:34+02:00,2000528
2026-09-15T15:58:35+02:00,2000528
2026-09-15T15:58:36+02:00,2000528
2026-09-15T15:58:37+02:00,2000528
2026-09-15T15:58:38+02:00,2000528
2026-09-15T15:58:40+02:00,2000528
2026-09-15T15:58:41+02:00,2000528
2026-09-15T15:58:42+02:00,2000528
2026-09-15T15:58:43+02:00,2000528
2026-09-15T15:58:44+02:00,2000528
2026-09-15T15:58:45+02:00,2000528
2026-09-15T15:58:46+02:00,2000528
2026-09-15T15:58:47+02:00,2000528
2026-09-15T15:58:48+02:00,2000528
2026-09-15T15:58:49+02:00,2000528
2026-09-15T15:58:50+02:00,2000528
2026-09-15T15:58:51+02:00,2000528
2026-09-15T15:58:52+02:00,2000528
2026-09-15T15:58:53+02:00,2000528
2026-09-15T15:58:54+02:00,2000528
2026-09-15T15:58:55+02:00,2000528
2026-09-15T15:58:56+02:00,2000528
2026-09-15T15:58:57+02:00,2000528
2026-09-15T15:58:58+02:00,2000528
2026-09-15T15:59:00+02:00,2000528
2026-09-15T15:59:01+02:00,2000528
2026-09-15T15:59:02+02:00,2000528
2026-09-15T15:59:03+02:00,2000528
2026-09-15T15:59:04+02:00,2000528
2026-09-15T15:59:05+02:00,2000528
2026-09-15T15:59:06+02:00,2043168
2026-09-15T15:59:07+02:00,2043168
2026-09-15T15:59:08+02:00,2043168
2026-09-15T15:59:09+02:00,2043168
2026-09-15T15:59:10+02:00,2043168
2026-09-15T15:59:11+02:00,2043168
2026-09-15T15:59:12+02:00,2043168
2026-09-15T15:59:13+02:00,2043168
2026-09-15T15:59:14+02:00,2043168
2026-09-15T15:59:15+02:00,2043168
2026-09-15T15:59:17+02:00,2043168
2026-09-15T15:59:18+02:00,2043168
2026-09-15T15:59:19+02:00,2043168
2026-09-15T15:59:20+02:00,2043168
2026-09-15T15:59:21+02:00,2043168
2026-09-15T15:59:22+02:00,2043168
2026-09-15T15:59:23+02:00,2043168
2026-09-15T15:59:24+02:00,2043168
2026-09-15T15:59:25+02:00,2043168
2026-09-15T15:59:26+02:00,2043168
2026-09-15T15:59:27+02:00,2043168
2026-09-15T15:59:28+02:00,2043168
2026-09-15T15:59:29+02:00,2043168
2026-09-15T15:59:30+02:00,2043168
2026-09-15T15:59:31+02:00,2043168
2026-09-15T15:59:33+02:00,2043168
2026-09-15T15:59:34+02:00,2043168
2026-09-15T15:59:35+02:00,2043168
2026-09-15T15:59:36+02:00,2043168
2026-09-15T15:59:37+02:00,2043168
2026-09-15T15:59:38+02:00,2043168
2026-09-15T15:59:39+02:00,2043168
2026-09-15T15:59:40+02:00,2043168
2026-09-15T15:59:41+02:00,2043168
2026-09-15T15:59:42+02:00,2043168
2026-09-15T15:59:43+02:00,2043168
2026-09-15T15:59:44+02:00,2043168
2026-09-15T15:59:45+02:00,2043168
2026-09-15T15:59:46+02:00,2043168
2026-09-15T15:59:47+02:00,2043168
2026-09-15T15:59:48+02:00,2072928
2026-09-15T15:59:50+02:00,2072928
2026-09-15T15:59:51+02:00,2072928
2026-09-15T15:59:52+02:00,2072928
2026-09-15T15:59:53+02:00,2072928
2026-09-15T15:59:54+02:00,2072928
2026-09-15T15:59:55+02:00,2072928
2026-09-15T15:59:56+02:00,2072928
2026-09-15T15:59:57+02:00,2072928
2026-09-15T15:59:58+02:00,2072928
2026-09-15T15:59:59+02:00,2072928
2026-09-15T16:00:00+02:00,2072928
2026-09-15T16:00:01+02:00,2072928
2026-09-15T16:00:02+02:00,2072928
2026-09-15T16:00:03+02:00,2072928
2026-09-15T16:00:04+02:00,2072928
2026-09-15T16:00:06+02:00,2072928
2026-09-15T16:00:07+02:00,2072928
2026-09-15T16:00:08+02:00,2072928
2026-09-15T16:00:09+02:00,2072928
2026-09-15T16:00:10+02:00,2072928
2026-09-15T16:00:11+02:00,2072928
2026-09-15T16:00:12+02:00,2072928
2026-09-15T16:00:13+02:00,2072928
2026-09-15T16:00:14+02:00,2072928
2026-09-15T16:00:15+02:00,2072928
2026-09-15T16:00:16+02:00,2072928
2026-09-15T16:00:17+02:00,2072928
2026-09-15T16:00:18+02:00,2072928
2026-09-15T16:00:19+02:00,2072928
2026-09-15T16:00:20+02:00,2072928
2026-09-15T16:00:21+02:00,2072928
2026-09-15T16:00:23+02:00,2072928
2026-09-15T16:00:24+02:00,2072928
2026-09-15T16:00:25+02:00,2072928
2026-09-15T16:00:26+02:00,2072928
2026-09-15T16:00:27+02:00,2072928
2026-09-15T16:00:28+02:00,2072928
2026-09-15T16:00:29+02:00,2072928
2026-09-15T16:00:30+02:00,2072928
2026-09-15T16:00:31+02:00,2072928
2026-09-15T16:00:32+02:00,2072928
2026-09-15T16:00:33+02:00,2072928
2026-09-15T16:00:34+02:00,2072928
2026-09-15T16:00:35+02:00,2072928
2026-09-15T16:00:36+02:00,2072928
2026-09-15T16:00:37+02:00,2072928
2026-09-15T16:00:39+02:00,2072928
2026-09-15T16:00:40+02:00,2072928
2026-09-15T16:00:41+02:00,2072928
2026-09-15T16:00:42+02:00,2072928
2026-09-15T16:00:43+02:00,2072928
2026-09-15T16:00:44+02:00,2106832
2026-09-15T16:00:45+02:00,2106832
2026-09-15T16:00:46+02:00,2106832
2026-09-15T16:00:47+02:00,2106832
2026-09-15T16:00:48+02:00,2106832
2026-09-15T16:00:49+02:00,2106832
2026-09-15T16:00:50+02:00,2106832
2026-09-15T16:00:51+02:00,2106832
2026-09-15T16:00:52+02:00,2106832
2026-09-15T16:00:53+02:00,2106832
2026-09-15T16:00:55+02:00,2106832
2026-09-15T16:00:56+02:00,2106832
2026-09-15T16:00:57+02:00,2106832
2026-09-15T16:00:58+02:00,2106832
2026-09-15T16:00:59+02:00,2106832
2026-09-15T16:01:00+02:00,2106832
2026-09-15T16:01:01+02:00,2106832
2026-09-15T16:01:02+02:00,2106832
2026-09-15T16:01:03+02:00,2106832
2026-09-15T16:01:04+02:00,2106832
2026-09-15T16:01:05+02:00,2106832
2026-09-15T16:01:06+02:00,2106832
2026-09-15T16:01:07+02:00,2106832
2026-09-15T16:01:08+02:00,2106832
2026-09-15T16:01:09+02:00,2106832
2026-09-15T16:01:11+02:00,2106832
2026-09-15T16:01:12+02:00,2106832
2026-09-15T16:01:13+02:00,2106832
2026-09-15T16:01:14+02:00,2106832
2026-09-15T16:01:15+02:00,2106832
2026-09-15T16:01:16+02:00,2106832
2026-09-15T16:01:17+02:00,2106832
2026-09-15T16:01:18+02:00,2106832
2026-09-15T16:01:19+02:00,2106832
2026-09-15T16:01:20+02:00,2106832
2026-09-15T16:01:21+02:00,2106832
2026-09-15T16:01:22+02:00,2106832
2026-09-15T16:01:23+02:00,2106832
2026-09-15T16:01:24+02:00,2106832
2026-09-15T16:01:25+02:00,2106832
2026-09-15T16:01:26+02:00,2106832
2026-09-15T16:01:28+02:00,2106832
2026-09-15T16:01:29+02:00,2106832
2026-09-15T16:01:30+02:00,2106832
2026-09-15T16:01:31+02:00,2106832
2026-09-15T16:01:32+02:00,2106832
2026-09-15T16:01:33+02:00,2106832
2026-09-15T16:01:34+02:00,2106832
2026-09-15T16:01:35+02:00,2106832
2026-09-15T16:01:36+02:00,2106832
2026-09-15T16:01:37+02:00,2106832
2026-09-15T16:01:38+02:00,2106832
2026-09-15T16:01:39+02:00,2106832
2026-09-15T16:01:40+02:00,2106832
2026-09-15T16:01:41+02:00,2139680
2026-09-15T16:01:42+02:00,2139680
2026-09-15T16:01:44+02:00,2139680
2026-09-15T16:01:45+02:00,2139680
2026-09-15T16:01:46+02:00,2139680
2026-09-15T16:01:47+02:00,2139680
2026-09-15T16:01:48+02:00,2139680
2026-09-15T16:01:49+02:00,2139680
2026-09-15T16:01:50+02:00,2139680
2026-09-15T16:01:51+02:00,2139680
2026-09-15T16:01:52+02:00,2139680
2026-09-15T16:01:53+02:00,2139680
2026-09-15T16:01:54+02:00,2139680
2026-09-15T16:01:55+02:00,2139680
2026-09-15T16:01:56+02:00,2139680
2026-09-15T16:01:57+02:00,2139680
2026-09-15T16:01:59+02:00,2139680
2026-09-15T16:02:00+02:00,2139680
2026-09-15T16:02:01+02:00,2139680
2026-09-15T16:02:02+02:00,2139680
2026-09-15T16:02:03+02:00,2139680
2026-09-15T16:02:04+02:00,2139680
2026-09-15T16:02:05+02:00,2139680
2026-09-15T16:02:06+02:00,2139680
2026-09-15T16:02:07+02:00,2139680
2026-09-15T16:02:08+02:00,2139680
2026-09-15T16:02:09+02:00,2139680
2026-09-15T16:02:10+02:00,2139680
2026-09-15T16:02:11+02:00,2139680
2026-09-15T16:02:12+02:00,2139680
2026-09-15T16:02:13+02:00,2139680
2026-09-15T16:02:15+02:00,2139680
2026-09-15T16:02:16+02:00,2139680
2026-09-15T16:02:17+02:00,2139680
2026-09-15T16:02:18+02:00,2139680
2026-09-15T16:02:19+02:00,2139680
2026-09-15T16:02:20+02:00,2139680
2026-09-15T16:02:21+02:00,2139680
2026-09-15T16:02:22+02:00,2139680
2026-09-15T16:02:23+02:00,2139680
2026-09-15T16:02:24+02:00,2139680
2026-09-15T16:02:25+02:00,2139680
2026-09-15T16:02:26+02:00,2139680
2026-09-15T16:02:27+02:00,2139680
2026-09-15T16:02:28+02:00,2139680
2026-09-15T16:02:30+02:00,2139680
2026-09-15T16:02:31+02:00,2139680
2026-09-15T16:02:32+02:00,2139680
2026-09-15T16:02:33+02:00,2139680
2026-09-15T16:02:34+02:00,2139680
2026-09-15T16:02:35+02:00,2139680
2026-09-15T16:02:36+02:00,2139680
2026-09-15T16:02:37+02:00,2139680
2026-09-15T16:02:38+02:00,2139680
2026-09-15T16:02:39+02:00,2139680
2026-09-15T16:02:40+02:00,2139680
2026-09-15T16:02:41+02:00,2139680
2026-09-15T16:02:42+02:00,2139680
2026-09-15T16:02:43+02:00,2139680
2026-09-15T16:02:44+02:00,2139680
2026-09-15T16:02:46+02:00,2139680
2026-09-15T16:02:47+02:00,2139680
2026-09-15T16:02:48+02:00,2139680
2026-09-15T16:02:49+02:00,2139680
2026-09-15T16:02:50+02:00,2139680
2026-09-15T16:02:51+02:00,2139680
2026-09-15T16:02:52+02:00,2139680
2026-09-15T16:02:53+02:00,2139680
2026-09-15T16:02:54+02:00,2178128
2026-09-15T16:02:55+02:00,2178128
2026-09-15T16:02:56+02:00,2178128
2026-09-15T16:02:57+02:00,2178128
2026-09-15T16:02:58+02:00,2178128
2026-09-15T16:02:59+02:00,2178128
2026-09-15T16:03:01+02:00,2178128
2026-09-15T16:03:02+02:00,2178128
2026-09-15T16:03:03+02:00,2178128
2026-09-15T16:03:04+02:00,2178128
2026-09-15T16:03:05+02:00,2178128
2026-09-15T16:03:06+02:00,2178128
2026-09-15T16:03:07+02:00,2178128
2026-09-15T16:03:08+02:00,2178128
2026-09-15T16:03:09+02:00,2178128
2026-09-15T16:03:10+02:00,2178128
2026-09-15T16:03:11+02:00,2178128
2026-09-15T16:03:12+02:00,2178128
2026-09-15T16:03:13+02:00,2178128
2026-09-15T16:03:14+02:00,2178128
2026-09-15T16:03:16+02:00,2178128
2026-09-15T16:03:17+02:00,2178128
2026-09-15T16:03:18+02:00,2178128
2026-09-15T16:03:19+02:00,2178128
2026-09-15T16:03:20+02:00,2178128
2026-09-15T16:03:21+02:00,2178128
2026-09-15T16:03:22+02:00,2178128
2026-09-15T16:03:23+02:00,2178128
2026-09-15T16:03:24+02:00,2178128
2026-09-15T16:03:25+02:00,2178128
2026-09-15T16:03:26+02:00,2178128
2026-09-15T16:03:27+02:00,2178128
2026-09-15T16:03:28+02:00,2178128
2026-09-15T16:03:29+02:00,2178128
2026-09-15T16:03:30+02:00,2178128
2026-09-15T16:03:32+02:00,2178128
2026-09-15T16:03:33+02:00,2178128
2026-09-15T16:03:34+02:00,2178128
2026-09-15T16:03:35+02:00,2178128
2026-09-15T16:03:36+02:00,2178128
2026-09-15T16:03:37+02:00,2178128
2026-09-15T16:03:38+02:00,2178128
2026-09-15T16:03:39+02:00,2178128
2026-09-15T16:03:40+02:00,2178128
2026-09-15T16:03:41+02:00,2178128
2026-09-15T16:03:42+02:00,2178128
2026-09-15T16:03:43+02:00,2178128
2026-09-15T16:03:44+02:00,2178128
2026-09-15T16:03:45+02:00,2178128
2026-09-15T16:03:46+02:00,2178128
2026-09-15T16:03:47+02:00,2178128
2026-09-15T16:03:49+02:00,2178128
2026-09-15T16:03:50+02:00,2178128
2026-09-15T16:03:51+02:00,2178128
2026-09-15T16:03:52+02:00,2178128
2026-09-15T16:03:53+02:00,2178128
2026-09-15T16:03:54+02:00,2178128
2026-09-15T16:03:55+02:00,2178128
2026-09-15T16:03:56+02:00,2178128
2026-09-15T16:03:57+02:00,2178128
2026-09-15T16:03:58+02:00,2178128
2026-09-15T16:03:59+02:00,2178128
2026-09-15T16:04:00+02:00,2178128
2026-09-15T16:04:01+02:00,2178128
2026-09-15T16:04:02+02:00,2178128
2026-09-15T16:04:03+02:00,2178128
2026-09-15T16:04:04+02:00,2178128
2026-09-15T16:04:06+02:00,2178128
2026-09-15T16:04:07+02:00,2178128
2026-09-15T16:04:08+02:00,2178128
2026-09-15T16:04:09+02:00,2178128
2026-09-15T16:04:10+02:00,2178128
2026-09-15T16:04:11+02:00,2178128
2026-09-15T16:04:12+02:00,2178128
2026-09-15T16:04:13+02:00,2178128
2026-09-15T16:04:14+02:00,2178128
2026-09-15T16:04:15+02:00,2178128
2026-09-15T16:04:16+02:00,2178128
2026-09-15T16:04:17+02:00,2178128
2026-09-15T16:04:18+02:00,2178128
2026-09-15T16:04:19+02:00,2178128
2026-09-15T16:04:20+02:00,2178128
2026-09-15T16:04:22+02:00,2178128
2026-09-15T16:04:23+02:00,2222064
2026-09-15T16:04:24+02:00,2222064
2026-09-15T16:04:25+02:00,2222064
2026-09-15T16:04:26+02:00,2222064
2026-09-15T16:04:27+02:00,2222064
2026-09-15T16:04:28+02:00,2222064
2026-09-15T16:04:29+02:00,2222064
2026-09-15T16:04:30+02:00,2222064
2026-09-15T16:04:31+02:00,2222064
2026-09-15T16:04:32+02:00,2222064
2026-09-15T16:04:33+02:00,2222064
2026-09-15T16:04:35+02:00,2222064
2026-09-15T16:04:36+02:00,2222064
2026-09-15T16:04:37+02:00,2222064
2026-09-15T16:04:38+02:00,2222064
2026-09-15T16:04:39+02:00,2222064
2026-09-15T16:04:40+02:00,2222064
2026-09-15T16:04:41+02:00,2222064
2026-09-15T16:04:42+02:00,2222064
2026-09-15T16:04:43+02:00,2222064
2026-09-15T16:04:44+02:00,2222064
2026-09-15T16:04:45+02:00,2222064
2026-09-15T16:04:46+02:00,2222064
2026-09-15T16:04:47+02:00,2222064
2026-09-15T16:04:48+02:00,2222064
2026-09-15T16:04:49+02:00,2222064
2026-09-15T16:04:51+02:00,2222064
2026-09-15T16:04:52+02:00,2222064
2026-09-15T16:04:53+02:00,2222064
2026-09-15T16:04:54+02:00,2222064
2026-09-15T16:04:55+02:00,2222064
2026-09-15T16:04:56+02:00,2222064
2026-09-15T16:04:57+02:00,2222064
2026-09-15T16:04:58+02:00,2222064
2026-09-15T16:04:59+02:00,2222064
2026-09-15T16:05:00+02:00,2222064
2026-09-15T16:05:01+02:00,2222064
2026-09-15T16:05:02+02:00,2222064
2026-09-15T16:05:03+02:00,2222064
2026-09-15T16:05:04+02:00,2222064
2026-09-15T16:05:05+02:00,2222064
2026-09-15T16:05:06+02:00,2222064
2026-09-15T16:05:08+02:00,2222064
2026-09-15T16:05:09+02:00,2222064
2026-09-15T16:05:10+02:00,2222064
2026-09-15T16:05:11+02:00,2222064
2026-09-15T16:05:12+02:00,2222064
2026-09-15T16:05:13+02:00,2222064
2026-09-15T16:05:14+02:00,2222064
2026-09-15T16:05:15+02:00,2222064
2026-09-15T16:05:16+02:00,2222064
2026-09-15T16:05:17+02:00,2222064
2026-09-15T16:05:18+02:00,2222064
2026-09-15T16:05:19+02:00,2222064
2026-09-15T16:05:20+02:00,2222064
2026-09-15T16:05:21+02:00,2222064
2026-09-15T16:05:23+02:00,2222064
2026-09-15T16:05:24+02:00,2222064
2026-09-15T16:05:25+02:00,2222064
2026-09-15T16:05:26+02:00,2222064
2026-09-15T16:05:27+02:00,2222064
2026-09-15T16:05:28+02:00,2222064
2026-09-15T16:05:29+02:00,2222064
2026-09-15T16:05:30+02:00,2222064
2026-09-15T16:05:31+02:00,2222064
2026-09-15T16:05:32+02:00,2222064
2026-09-15T16:05:33+02:00,2222064
2026-09-15T16:05:34+02:00,2222064
2026-09-15T16:05:35+02:00,2222064
2026-09-15T16:05:37+02:00,2222064
2026-09-15T16:05:38+02:00,2222064
2026-09-15T16:05:39+02:00,2222064
2026-09-15T16:05:40+02:00,2222064
2026-09-15T16:05:41+02:00,2222064
2026-09-15T16:05:42+02:00,2261520
2026-09-15T16:05:43+02:00,2261520
2026-09-15T16:05:44+02:00,2261520
2026-09-15T16:05:45+02:00,2261520
2026-09-15T16:05:46+02:00,2261520
2026-09-15T16:05:47+02:00,2261520
2026-09-15T16:05:48+02:00,2261520
2026-09-15T16:05:49+02:00,2261520
2026-09-15T16:05:51+02:00,2261520
2026-09-15T16:05:52+02:00,2261520
2026-09-15T16:05:53+02:00,2261520
2026-09-15T16:05:54+02:00,2261520
2026-09-15T16:05:55+02:00,2261520
2026-09-15T16:05:56+02:00,2261520
2026-09-15T16:05:57+02:00,2261520
2026-09-15T16:05:58+02:00,2261520
2026-09-15T16:05:59+02:00,2261520
2026-09-15T16:06:00+02:00,2261520
2026-09-15T16:06:01+02:00,2261520
2026-09-15T16:06:02+02:00,2261520
2026-09-15T16:06:03+02:00,2261520
2026-09-15T16:06:04+02:00,2261520
2026-09-15T16:06:06+02:00,2261520
2026-09-15T16:06:07+02:00,2261520
2026-09-15T16:06:08+02:00,2261520
2026-09-15T16:06:09+02:00,2261520
2026-09-15T16:06:10+02:00,2261520
2026-09-15T16:06:11+02:00,2261520
2026-09-15T16:06:12+02:00,2261520
2026-09-15T16:06:13+02:00,2261520
2026-09-15T16:06:14+02:00,2261520
2026-09-15T16:06:15+02:00,2261520
2026-09-15T16:06:16+02:00,2261520
2026-09-15T16:06:17+02:00,2261520
2026-09-15T16:06:18+02:00,2261520
2026-09-15T16:06:19+02:00,2261520
2026-09-15T16:06:20+02:00,2261520
2026-09-15T16:06:22+02:00,2261520
2026-09-15T16:06:23+02:00,2261520
2026-09-15T16:06:24+02:00,2261520
2026-09-15T16:06:25+02:00,2261520
2026-09-15T16:06:26+02:00,2261520
2026-09-15T16:06:27+02:00,2261520
2026-09-15T16:06:28+02:00,2261520
2026-09-15T16:06:29+02:00,2261520
2026-09-15T16:06:30+02:00,2261520
2026-09-15T16:06:31+02:00,2261520
2026-09-15T16:06:32+02:00,2261520
2026-09-15T16:06:33+02:00,2261520
2026-09-15T16:06:34+02:00,2261520
2026-09-15T16:06:35+02:00,2261520
2026-09-15T16:06:37+02:00,2290448
2026-09-15T16:06:38+02:00,2290448
2026-09-15T16:06:39+02:00,2290448
2026-09-15T16:06:40+02:00,2290448
2026-09-15T16:06:41+02:00,2290448
2026-09-15T16:06:42+02:00,2290448
2026-09-15T16:06:43+02:00,2290448
2026-09-15T16:06:44+02:00,2290448
2026-09-15T16:06:45+02:00,2290448
2026-09-15T16:06:46+02:00,2290448
2026-09-15T16:06:47+02:00,2290448
2026-09-15T16:06:48+02:00,2290448
2026-09-15T16:06:50+02:00,2290448
2026-09-15T16:06:51+02:00,2290448
2026-09-15T16:06:52+02:00,2290448
2026-09-15T16:06:53+02:00,2290448
2026-09-15T16:06:54+02:00,2290448
2026-09-15T16:06:55+02:00,2290448
2026-09-15T16:06:56+02:00,2290448
2026-09-15T16:06:57+02:00,2290448
2026-09-15T16:06:58+02:00,2290448
2026-09-15T16:06:59+02:00,2290448
2026-09-15T16:07:00+02:00,2290448
2026-09-15T16:07:01+02:00,2290448
2026-09-15T16:07:02+02:00,2290448
2026-09-15T16:07:03+02:00,2290448
2026-09-15T16:07:04+02:00,2290448
2026-09-15T16:07:06+02:00,2290448
2026-09-15T16:07:07+02:00,2290448
2026-09-15T16:07:08+02:00,2290448
2026-09-15T16:07:09+02:00,2290448
2026-09-15T16:07:10+02:00,2290448
2026-09-15T16:07:11+02:00,2290448
2026-09-15T16:07:12+02:00,2290448
2026-09-15T16:07:13+02:00,2290448
2026-09-15T16:07:14+02:00,2290448
2026-09-15T16:07:15+02:00,2290448
2026-09-15T16:07:16+02:00,2290448
2026-09-15T16:07:17+02:00,2290448
2026-09-15T16:07:18+02:00,2290448
2026-09-15T16:07:19+02:00,2290448
2026-09-15T16:07:21+02:00,2314784
2026-09-15T16:07:22+02:00,2314784
2026-09-15T16:07:23+02:00,2314784
2026-09-15T16:07:24+02:00,2314784
2026-09-15T16:07:25+02:00,2314784
2026-09-15T16:07:26+02:00,2314784
2026-09-15T16:07:27+02:00,2314784
2026-09-15T16:07:28+02:00,2314784
2026-09-15T16:07:29+02:00,2314784
2026-09-15T16:07:30+02:00,2314784
2026-09-15T16:07:31+02:00,2314784
2026-09-15T16:07:32+02:00,2314784
2026-09-15T16:07:34+02:00,2314784
2026-09-15T16:07:35+02:00,2314784
2026-09-15T16:07:36+02:00,2314784
2026-09-15T16:07:37+02:00,2314784
2026-09-15T16:07:38+02:00,2314784
2026-09-15T16:07:39+02:00,2314784
2026-09-15T16:07:40+02:00,2314784
2026-09-15T16:07:41+02:00,2314784
2026-09-15T16:07:42+02:00,2314784
2026-09-15T16:07:43+02:00,2314784
2026-09-15T16:07:44+02:00,2314784
2026-09-15T16:07:45+02:00,2314784
2026-09-15T16:07:46+02:00,2314784
2026-09-15T16:07:47+02:00,2314784
2026-09-15T16:07:49+02:00,2314784
2026-09-15T16:07:50+02:00,2314784
2026-09-15T16:07:51+02:00,2314784
2026-09-15T16:07:52+02:00,2314784
2026-09-15T16:07:53+02:00,2314784
2026-09-15T16:07:54+02:00,2314784
2026-09-15T16:07:55+02:00,2314784
2026-09-15T16:07:56+02:00,2314784
2026-09-15T16:07:57+02:00,2314784
2026-09-15T16:07:58+02:00,2314784
2026-09-15T16:07:59+02:00,2314784
2026-09-15T16:08:00+02:00,2314784
2026-09-15T16:08:01+02:00,2314784
2026-09-15T16:08:02+02:00,2314784
2026-09-15T16:08:04+02:00,2314784
2026-09-15T16:08:05+02:00,2314784
2026-09-15T16:08:06+02:00,2314784
2026-09-15T16:08:07+02:00,2314784
2026-09-15T16:08:08+02:00,2314784
2026-09-15T16:08:09+02:00,2314784
2026-09-15T16:08:10+02:00,2314784
2026-09-15T16:08:11+02:00,2314784
2026-09-15T16:08:12+02:00,2314784
2026-09-15T16:08:13+02:00,2314784
2026-09-15T16:08:14+02:00,2314784
2026-09-15T16:08:15+02:00,2314784
2026-09-15T16:08:16+02:00,2314784
2026-09-15T16:08:17+02:00,2314784
2026-09-15T16:08:19+02:00,2314784
2026-09-15T16:08:20+02:00,2344480
2026-09-15T16:08:21+02:00,2344480
2026-09-15T16:08:22+02:00,2344480
2026-09-15T16:08:23+02:00,2344480
2026-09-15T16:08:24+02:00,2344480
2026-09-15T16:08:25+02:00,2344480
2026-09-15T16:08:26+02:00,2344480
2026-09-15T16:08:27+02:00,2344480
2026-09-15T16:08:28+02:00,2344480
2026-09-15T16:08:29+02:00,2344480
2026-09-15T16:08:30+02:00,2344480
2026-09-15T16:08:31+02:00,2344480
2026-09-15T16:08:33+02:00,2344480
2026-09-15T16:08:34+02:00,2344480
2026-09-15T16:08:35+02:00,2344480
2026-09-15T16:08:36+02:00,2344480
2026-09-15T16:08:37+02:00,2344480
2026-09-15T16:08:38+02:00,2344480
2026-09-15T16:08:39+02:00,2344480
2026-09-15T16:08:40+02:00,2344480
2026-09-15T16:08:41+02:00,2344480
2026-09-15T16:08:42+02:00,2344480
2026-09-15T16:08:43+02:00,2344480
2026-09-15T16:08:44+02:00,2344480
2026-09-15T16:08:46+02:00,2344480
2026-09-15T16:08:47+02:00,2344480
2026-09-15T16:08:48+02:00,2344480
2026-09-15T16:08:49+02:00,2344480
2026-09-15T16:08:50+02:00,2344480
2026-09-15T16:08:51+02:00,2344480
2026-09-15T16:08:52+02:00,2344480
2026-09-15T16:08:53+02:00,2344480
2026-09-15T16:08:54+02:00,2344480
2026-09-15T16:08:55+02:00,2344480
2026-09-15T16:08:56+02:00,2344480
2026-09-15T16:08:57+02:00,2344480
2026-09-15T16:08:58+02:00,2344480
2026-09-15T16:08:59+02:00,2344480
2026-09-15T16:09:00+02:00,2344480
2026-09-15T16:09:02+02:00,2344480
2026-09-15T16:09:03+02:00,2344480
2026-09-15T16:09:04+02:00,2344480
2026-09-15T16:09:05+02:00,2344480
2026-09-15T16:09:06+02:00,2344480
2026-09-15T16:09:07+02:00,2344480
2026-09-15T16:09:08+02:00,2344480
2026-09-15T16:09:09+02:00,2370592
2026-09-15T16:09:10+02:00,2370592
2026-09-15T16:09:11+02:00,2370592
2026-09-15T16:09:12+02:00,2370592
2026-09-15T16:09:13+02:00,2370592
2026-09-15T16:09:14+02:00,2370592
2026-09-15T16:09:16+02:00,2370592
2026-09-15T16:09:17+02:00,2370592
2026-09-15T16:09:18+02:00,2370592
2026-09-15T16:09:19+02:00,2370592
2026-09-15T16:09:20+02:00,2370592
2026-09-15T16:09:21+02:00,2370592
2026-09-15T16:09:22+02:00,2370592
2026-09-15T16:09:23+02:00,2370592
2026-09-15T16:09:24+02:00,2370592
2026-09-15T16:09:25+02:00,2370592
2026-09-15T16:09:26+02:00,2370592
2026-09-15T16:09:27+02:00,2370592
2026-09-15T16:09:29+02:00,2370592
2026-09-15T16:09:30+02:00,2370592
2026-09-15T16:09:31+02:00,2370592
2026-09-15T16:09:32+02:00,2370592
2026-09-15T16:09:33+02:00,2370592
2026-09-15T16:09:34+02:00,2370592
2026-09-15T16:09:35+02:00,2370592
2026-09-15T16:09:36+02:00,2370592
2026-09-15T16:09:37+02:00,2370592
2026-09-15T16:09:38+02:00,2370592
2026-09-15T16:09:39+02:00,2370592
2026-09-15T16:09:41+02:00,2370592
2026-09-15T16:09:42+02:00,2370592
2026-09-15T16:09:43+02:00,2370592
2026-09-15T16:09:44+02:00,2370592
2026-09-15T16:09:45+02:00,2370592
2026-09-15T16:09:46+02:00,2370592
2026-09-15T16:09:47+02:00,2370592
2026-09-15T16:09:48+02:00,2370592
2026-09-15T16:09:49+02:00,2370592
2026-09-15T16:09:50+02:00,2370592
2026-09-15T16:09:51+02:00,2370592
2026-09-15T16:09:52+02:00,2370592
2026-09-15T16:09:53+02:00,2370592
2026-09-15T16:09:54+02:00,2370592
2026-09-15T16:09:55+02:00,2370592
2026-09-15T16:09:57+02:00,2370592
2026-09-15T16:09:58+02:00,2370592
2026-09-15T16:09:59+02:00,2370592
2026-09-15T16:10:00+02:00,2370592
2026-09-15T16:10:01+02:00,2370592
2026-09-15T16:10:02+02:00,2370592
2026-09-15T16:10:03+02:00,2370592
2026-09-15T16:10:04+02:00,2370592
2026-09-15T16:10:05+02:00,2370592
2026-09-15T16:10:06+02:00,2370592
2026-09-15T16:10:07+02:00,2370592
2026-09-15T16:10:08+02:00,2370592
2026-09-15T16:10:09+02:00,2370592
2026-09-15T16:10:10+02:00,2370592
2026-09-15T16:10:12+02:00,2370592
2026-09-15T16:10:13+02:00,2370592
2026-09-15T16:10:14+02:00,2370592
2026-09-15T16:10:15+02:00,2370592
2026-09-15T16:10:16+02:00,2370592
2026-09-15T16:10:17+02:00,2370592
2026-09-15T16:10:18+02:00,2370592
2026-09-15T16:10:19+02:00,2404784
2026-09-15T16:10:20+02:00,2404784
2026-09-15T16:10:21+02:00,2404784
2026-09-15T16:10:22+02:00,2404784
2026-09-15T16:10:23+02:00,2404784
2026-09-15T16:10:24+02:00,2404784
2026-09-15T16:10:25+02:00,2404784
2026-09-15T16:10:27+02:00,2404784
2026-09-15T16:10:28+02:00,2404784
2026-09-15T16:10:29+02:00,2404784
2026-09-15T16:10:30+02:00,2404784
2026-09-15T16:10:31+02:00,2404784
2026-09-15T16:10:32+02:00,2404784
2026-09-15T16:10:33+02:00,2404784
2026-09-15T16:10:34+02:00,2404784
2026-09-15T16:10:35+02:00,2404784
2026-09-15T16:10:36+02:00,2404784
2026-09-15T16:10:37+02:00,2404784
2026-09-15T16:10:39+02:00,2404784
2026-09-15T16:10:40+02:00,2404784
2026-09-15T16:10:41+02:00,2404784
2026-09-15T16:10:42+02:00,2404784
2026-09-15T16:10:43+02:00,2404784
2026-09-15T16:10:44+02:00,2404784
2026-09-15T16:10:45+02:00,2404784
2026-09-15T16:10:46+02:00,2404784
2026-09-15T16:10:47+02:00,2404784
2026-09-15T16:10:48+02:00,2404784
2026-09-15T16:10:49+02:00,2404784
2026-09-15T16:10:51+02:00,2404784
2026-09-15T16:10:52+02:00,2404784
2026-09-15T16:10:53+02:00,2404784
2026-09-15T16:10:54+02:00,2404784
2026-09-15T16:10:55+02:00,2404784
2026-09-15T16:10:56+02:00,2404784
2026-09-15T16:10:57+02:00,2404784
2026-09-15T16:10:58+02:00,2404784
2026-09-15T16:10:59+02:00,2404784
2026-09-15T16:11:00+02:00,2404784
2026-09-15T16:11:01+02:00,2404784
2026-09-15T16:11:02+02:00,2404784
2026-09-15T16:11:03+02:00,2404784
2026-09-15T16:11:04+02:00,2404784
2026-09-15T16:11:06+02:00,2404784
2026-09-15T16:11:07+02:00,2404784
2026-09-15T16:11:08+02:00,2404784
2026-09-15T16:11:09+02:00,2404784
2026-09-15T16:11:10+02:00,2404784
2026-09-15T16:11:11+02:00,2404784
2026-09-15T16:11:12+02:00,2404784
2026-09-15T16:11:13+02:00,2404784
2026-09-15T16:11:14+02:00,2404784
2026-09-15T16:11:15+02:00,2404784
2026-09-15T16:11:16+02:00,2404784
2026-09-15T16:11:17+02:00,2434384
2026-09-15T16:11:18+02:00,2434384
2026-09-15T16:11:19+02:00,2434384
2026-09-15T16:11:21+02:00,2434384
2026-09-15T16:11:22+02:00,2434384
2026-09-15T16:11:23+02:00,2434384
2026-09-15T16:11:24+02:00,2434384
2026-09-15T16:11:25+02:00,2434384
2026-09-15T16:11:26+02:00,2434384
2026-09-15T16:11:27+02:00,2434384
2026-09-15T16:11:28+02:00,2434384
2026-09-15T16:11:29+02:00,2434384
2026-09-15T16:11:30+02:00,2434384
2026-09-15T16:11:31+02:00,2434384
2026-09-15T16:11:33+02:00,2434384
2026-09-15T16:11:34+02:00,2434384
2026-09-15T16:11:35+02:00,2434384
2026-09-15T16:11:36+02:00,2434384
2026-09-15T16:11:37+02:00,2434384
2026-09-15T16:11:38+02:00,2434384
2026-09-15T16:11:39+02:00,2434384
2026-09-15T16:11:40+02:00,2434384
2026-09-15T16:11:41+02:00,2434384
2026-09-15T16:11:42+02:00,2434384
2026-09-15T16:11:43+02:00,2434384
2026-09-15T16:11:45+02:00,2434384
2026-09-15T16:11:46+02:00,2434384
2026-09-15T16:11:47+02:00,2434384
2026-09-15T16:11:48+02:00,2434384
2026-09-15T16:11:49+02:00,2434384
2026-09-15T16:11:50+02:00,2434384
2026-09-15T16:11:51+02:00,2434384
2026-09-15T16:11:52+02:00,2434384
2026-09-15T16:11:53+02:00,2434384
2026-09-15T16:11:54+02:00,2434384
2026-09-15T16:11:55+02:00,2434384
2026-09-15T16:11:56+02:00,2434384
2026-09-15T16:11:57+02:00,2434384
2026-09-15T16:11:59+02:00,2434384
2026-09-15T16:12:00+02:00,2434384
2026-09-15T16:12:01+02:00,2434384
2026-09-15T16:12:02+02:00,2434384
2026-09-15T16:12:03+02:00,2434384
2026-09-15T16:12:04+02:00,2434384
2026-09-15T16:12:05+02:00,2434384
2026-09-15T16:12:06+02:00,2434384
2026-09-15T16:12:07+02:00,2434384
2026-09-15T16:12:08+02:00,2434384
2026-09-15T16:12:09+02:00,2434384
2026-09-15T16:12:10+02:00,2434384
2026-09-15T16:12:11+02:00,2434384
2026-09-15T16:12:12+02:00,2434384
2026-09-15T16:12:14+02:00,2434384
2026-09-15T16:12:15+02:00,2434384
2026-09-15T16:12:16+02:00,2434384
2026-09-15T16:12:17+02:00,2434384
2026-09-15T16:12:18+02:00,2434384
2026-09-15T16:12:19+02:00,2465088
2026-09-15T16:12:20+02:00,2465088
2026-09-15T16:12:21+02:00,2465088
2026-09-15T16:12:22+02:00,2465088
2026-09-15T16:12:23+02:00,2465088
2026-09-15T16:12:24+02:00,2465088
2026-09-15T16:12:25+02:00,2465088
2026-09-15T16:12:26+02:00,2465088
2026-09-15T16:12:28+02:00,2465088
2026-09-15T16:12:29+02:00,2465088
2026-09-15T16:12:30+02:00,2465088
2026-09-15T16:12:31+02:00,2465088
2026-09-15T16:12:32+02:00,2465088
2026-09-15T16:12:33+02:00,2465088
2026-09-15T16:12:34+02:00,2465088
2026-09-15T16:12:35+02:00,2465088
2026-09-15T16:12:36+02:00,2465088
2026-09-15T16:12:37+02:00,2465088
2026-09-15T16:12:38+02:00,2465088
2026-09-15T16:12:39+02:00,2465088
2026-09-15T16:12:40+02:00,2465088
2026-09-15T16:12:42+02:00,2465088
2026-09-15T16:12:43+02:00,2465088
2026-09-15T16:12:44+02:00,2465088
2026-09-15T16:12:45+02:00,2465088
2026-09-15T16:12:46+02:00,2465088
2026-09-15T16:12:47+02:00,2465088
2026-09-15T16:12:48+02:00,2465088
2026-09-15T16:12:49+02:00,2465088
2026-09-15T16:12:50+02:00,2465088
2026-09-15T16:12:51+02:00,2465088
2026-09-15T16:12:52+02:00,2465088
2026-09-15T16:12:53+02:00,2465088
2026-09-15T16:12:55+02:00,2465088
2026-09-15T16:12:56+02:00,2465088
2026-09-15T16:12:57+02:00,2465088
2026-09-15T16:12:58+02:00,2465088
2026-09-15T16:12:59+02:00,2465088
2026-09-15T16:13:00+02:00,2465088
2026-09-15T16:13:01+02:00,2465088
2026-09-15T16:13:02+02:00,2465088
2026-09-15T16:13:03+02:00,2465088
2026-09-15T16:13:04+02:00,2465088
2026-09-15T16:13:05+02:00,2465088
2026-09-15T16:13:06+02:00,2465088
2026-09-15T16:13:08+02:00,2465088
2026-09-15T16:13:09+02:00,2465088
2026-09-15T16:13:10+02:00,2465088
2026-09-15T16:13:11+02:00,2465088
2026-09-15T16:13:12+02:00,2492096
2026-09-15T16:13:13+02:00,2492096
2026-09-15T16:13:14+02:00,2492096
2026-09-15T16:13:15+02:00,2492096
2026-09-15T16:13:16+02:00,2492096
2026-09-15T16:13:17+02:00,2492096
2026-09-15T16:13:18+02:00,2492096
2026-09-15T16:13:19+02:00,2492096
2026-09-15T16:13:20+02:00,2492096
2026-09-15T16:13:22+02:00,2492096
2026-09-15T16:13:23+02:00,2492096
2026-09-15T16:13:24+02:00,2492096
2026-09-15T16:13:25+02:00,2492096
2026-09-15T16:13:26+02:00,2492096
2026-09-15T16:13:27+02:00,2492096
2026-09-15T16:13:28+02:00,2492096
2026-09-15T16:13:29+02:00,2492096
2026-09-15T16:13:30+02:00,2492096
2026-09-15T16:13:31+02:00,2492096
2026-09-15T16:13:32+02:00,2492096
2026-09-15T16:13:33+02:00,2492096
2026-09-15T16:13:35+02:00,2492096
2026-09-15T16:13:36+02:00,2492096
2026-09-15T16:13:37+02:00,2492096
2026-09-15T16:13:38+02:00,2492096
2026-09-15T16:13:39+02:00,2492096
2026-09-15T16:13:40+02:00,2492096
2026-09-15T16:13:41+02:00,2492096
2026-09-15T16:13:42+02:00,2492096
2026-09-15T16:13:43+02:00,2492096
2026-09-15T16:13:44+02:00,2492096
2026-09-15T16:13:45+02:00,2492096
2026-09-15T16:13:46+02:00,2492096
2026-09-15T16:13:48+02:00,2492096
2026-09-15T16:13:49+02:00,2492096
2026-09-15T16:13:50+02:00,2492096
2026-09-15T16:13:51+02:00,2492096
2026-09-15T16:13:52+02:00,2492096
2026-09-15T16:13:53+02:00,2492096
2026-09-15T16:13:54+02:00,2514624
2026-09-15T16:13:55+02:00,2514624
2026-09-15T16:13:56+02:00,2514624
2026-09-15T16:13:57+02:00,2514624
2026-09-15T16:13:58+02:00,2514624
2026-09-15T16:13:59+02:00,2514624
2026-09-15T16:14:01+02:00,2514624
2026-09-15T16:14:02+02:00,2514624
2026-09-15T16:14:03+02:00,2514624
2026-09-15T16:14:04+02:00,2514624
2026-09-15T16:14:05+02:00,2514624
2026-09-15T16:14:06+02:00,2514624
2026-09-15T16:14:07+02:00,2514624
2026-09-15T16:14:08+02:00,2514624
2026-09-15T16:14:09+02:00,2514624
2026-09-15T16:14:10+02:00,2514624
2026-09-15T16:14:11+02:00,2514624
2026-09-15T16:14:12+02:00,2514624
2026-09-15T16:14:14+02:00,2514624
2026-09-15T16:14:15+02:00,2514624
2026-09-15T16:14:16+02:00,2514624
2026-09-15T16:14:17+02:00,2514624
2026-09-15T16:14:18+02:00,2514624
2026-09-15T16:14:19+02:00,2514624
2026-09-15T16:14:20+02:00,2514624
2026-09-15T16:14:21+02:00,2514624
2026-09-15T16:14:22+02:00,2514624
2026-09-15T16:14:23+02:00,2514624
2026-09-15T16:14:24+02:00,2514624
2026-09-15T16:14:25+02:00,2514624
2026-09-15T16:14:27+02:00,2514624
2026-09-15T16:14:28+02:00,2514624
2026-09-15T16:14:29+02:00,2514624
2026-09-15T16:14:30+02:00,2535360
2026-09-15T16:14:31+02:00,2535360
2026-09-15T16:14:32+02:00,2535360
2026-09-15T16:14:33+02:00,2535360
2026-09-15T16:14:34+02:00,2535360
2026-09-15T16:14:35+02:00,2535360
2026-09-15T16:14:36+02:00,2535360
2026-09-15T16:14:37+02:00,2535360
2026-09-15T16:14:38+02:00,2535360
2026-09-15T16:14:39+02:00,2535360
2026-09-15T16:14:40+02:00,2535360
2026-09-15T16:14:42+02:00,2535360
2026-09-15T16:14:43+02:00,2535360
2026-09-15T16:14:44+02:00,2535360
2026-09-15T16:14:45+02:00,2535360
2026-09-15T16:14:46+02:00,2535360
2026-09-15T16:14:47+02:00,2535360
2026-09-15T16:14:48+02:00,2535360
2026-09-15T16:14:49+02:00,2535360
2026-09-15T16:14:50+02:00,2535360
2026-09-15T16:14:51+02:00,2535360
2026-09-15T16:14:52+02:00,2535360
2026-09-15T16:14:53+02:00,2535360
2026-09-15T16:14:54+02:00,2535360
2026-09-15T16:14:56+02:00,2535360
2026-09-15T16:14:57+02:00,2535360
2026-09-15T16:14:58+02:00,2552752
2026-09-15T16:14:59+02:00,2552752
2026-09-15T16:15:00+02:00,2552752
2026-09-15T16:15:01+02:00,2552752
2026-09-15T16:15:02+02:00,2552752
2026-09-15T16:15:03+02:00,2552752
2026-09-15T16:15:04+02:00,2552752
2026-09-15T16:15:05+02:00,2552752
2026-09-15T16:15:06+02:00,2552752
2026-09-15T16:15:08+02:00,2552752
2026-09-15T16:15:09+02:00,2552752
2026-09-15T16:15:10+02:00,2552752
2026-09-15T16:15:11+02:00,2552752
2026-09-15T16:15:12+02:00,2552752
2026-09-15T16:15:13+02:00,2552752
2026-09-15T16:15:14+02:00,2552752
2026-09-15T16:15:15+02:00,2552752
2026-09-15T16:15:16+02:00,2552752
2026-09-15T16:15:17+02:00,2552752
2026-09-15T16:15:18+02:00,2552752
2026-09-15T16:15:19+02:00,2552752
2026-09-15T16:15:21+02:00,2552752
2026-09-15T16:15:22+02:00,2552752
2026-09-15T16:15:23+02:00,2552752
2026-09-15T16:15:24+02:00,2552752
2026-09-15T16:15:25+02:00,2552752
2026-09-15T16:15:26+02:00,2552752
2026-09-15T16:15:27+02:00,2552752
2026-09-15T16:15:28+02:00,2552752
2026-09-15T16:15:29+02:00,2552752
2026-09-15T16:15:30+02:00,2552752
2026-09-15T16:15:31+02:00,2552752
2026-09-15T16:15:33+02:00,2552752
2026-09-15T16:15:34+02:00,2552752
2026-09-15T16:15:35+02:00,2552752
2026-09-15T16:15:36+02:00,2552752
2026-09-15T16:15:37+02:00,2552752
2026-09-15T16:15:38+02:00,2552752
2026-09-15T16:15:39+02:00,2552752
2026-09-15T16:15:40+02:00,2552752
2026-09-15T16:15:41+02:00,2552752
2026-09-15T16:15:42+02:00,2552752
2026-09-15T16:15:43+02:00,2552752
2026-09-15T16:15:44+02:00,2552752
2026-09-15T16:15:45+02:00,2552752
2026-09-15T16:15:46+02:00,2552752
2026-09-15T16:15:48+02:00,2552752
2026-09-15T16:15:49+02:00,2552752
2026-09-15T16:15:50+02:00,2552752
2026-09-15T16:15:51+02:00,2552752
2026-09-15T16:15:52+02:00,2552752
2026-09-15T16:15:53+02:00,2552752
2026-09-15T16:15:54+02:00,2552752
2026-09-15T16:15:55+02:00,2552752
2026-09-15T16:15:56+02:00,2582352
2026-09-15T16:15:57+02:00,2582352
2026-09-15T16:15:58+02:00,2582352
2026-09-15T16:15:59+02:00,2582352
2026-09-15T16:16:00+02:00,2582352
2026-09-15T16:16:02+02:00,2582352
2026-09-15T16:16:03+02:00,2582352
2026-09-15T16:16:04+02:00,2582352
2026-09-15T16:16:05+02:00,2582352
2026-09-15T16:16:06+02:00,2582352
2026-09-15T16:16:07+02:00,2582352
2026-09-15T16:16:08+02:00,2582352
2026-09-15T16:16:09+02:00,2582352
2026-09-15T16:16:10+02:00,2582352
2026-09-15T16:16:11+02:00,2582352
2026-09-15T16:16:12+02:00,2582352
2026-09-15T16:16:13+02:00,2582352
2026-09-15T16:16:15+02:00,2582352
2026-09-15T16:16:16+02:00,2582352
2026-09-15T16:16:17+02:00,2582352
2026-09-15T16:16:18+02:00,2582352
2026-09-15T16:16:19+02:00,2582352
2026-09-15T16:16:20+02:00,2582352
2026-09-15T16:16:21+02:00,2582352
2026-09-15T16:16:22+02:00,2582352
2026-09-15T16:16:23+02:00,2582352
2026-09-15T16:16:24+02:00,2582352
2026-09-15T16:16:26+02:00,2582352
2026-09-15T16:16:27+02:00,2582352
2026-09-15T16:16:28+02:00,2601312
2026-09-15T16:16:29+02:00,2601312
2026-09-15T16:16:30+02:00,2601312
2026-09-15T16:16:31+02:00,2601312
2026-09-15T16:16:32+02:00,2601312
2026-09-15T16:16:33+02:00,2601312
2026-09-15T16:16:34+02:00,2601312
2026-09-15T16:16:35+02:00,2601312
2026-09-15T16:16:36+02:00,2601312
2026-09-15T16:16:37+02:00,2601312
2026-09-15T16:16:39+02:00,2601312
2026-09-15T16:16:40+02:00,2601312
2026-09-15T16:16:41+02:00,2601312
2026-09-15T16:16:42+02:00,2601312
2026-09-15T16:16:43+02:00,2601312
2026-09-15T16:16:44+02:00,2601312
2026-09-15T16:16:45+02:00,2601312
2026-09-15T16:16:46+02:00,2601312
2026-09-15T16:16:47+02:00,2601312
2026-09-15T16:16:48+02:00,2601312
2026-09-15T16:16:49+02:00,2601312
2026-09-15T16:16:50+02:00,2601312
2026-09-15T16:16:51+02:00,2601312
2026-09-15T16:16:52+02:00,2601312
2026-09-15T16:16:54+02:00,2601312
2026-09-15T16:16:55+02:00,2601312
2026-09-15T16:16:56+02:00,2618592
2026-09-15T16:16:57+02:00,2618592
2026-09-15T16:16:58+02:00,2618592
2026-09-15T16:16:59+02:00,2618592
2026-09-15T16:17:00+02:00,2618592
2026-09-15T16:17:01+02:00,2618592
2026-09-15T16:17:02+02:00,2618592
2026-09-15T16:17:03+02:00,2618592
2026-09-15T16:17:04+02:00,2618592
2026-09-15T16:17:05+02:00,2618592
2026-09-15T16:17:07+02:00,2618592
2026-09-15T16:17:08+02:00,2618592
2026-09-15T16:17:09+02:00,2618592
2026-09-15T16:17:10+02:00,2618592
2026-09-15T16:17:11+02:00,2618592
2026-09-15T16:17:12+02:00,2618592
2026-09-15T16:17:13+02:00,2618592
2026-09-15T16:17:14+02:00,2618592
2026-09-15T16:17:15+02:00,2618592
2026-09-15T16:17:16+02:00,2618592
2026-09-15T16:17:17+02:00,2618592
2026-09-15T16:17:18+02:00,2618592
2026-09-15T16:17:20+02:00,2618592
2026-09-15T16:17:21+02:00,2618592
2026-09-15T16:17:22+02:00,2618592
2026-09-15T16:17:23+02:00,2618592
2026-09-15T16:17:24+02:00,2618592
2026-09-15T16:17:25+02:00,2618592
2026-09-15T16:17:26+02:00,2618592
2026-09-15T16:17:27+02:00,2618592
2026-09-15T16:17:28+02:00,2618592
2026-09-15T16:17:29+02:00,2638096
2026-09-15T16:17:30+02:00,2638096
2026-09-15T16:17:31+02:00,2638096
2026-09-15T16:17:32+02:00,2638096
2026-09-15T16:17:34+02:00,2638096
2026-09-15T16:17:35+02:00,2638096
2026-09-15T16:17:36+02:00,2638096
2026-09-15T16:17:37+02:00,2638096
2026-09-15T16:17:38+02:00,2638096
2026-09-15T16:17:39+02:00,2638096
2026-09-15T16:17:40+02:00,2638096
2026-09-15T16:17:41+02:00,2638096
2026-09-15T16:17:42+02:00,2638096
2026-09-15T16:17:43+02:00,2638096
2026-09-15T16:17:44+02:00,2638096
2026-09-15T16:17:45+02:00,2638096
2026-09-15T16:17:47+02:00,2638096
2026-09-15T16:17:48+02:00,2638096
2026-09-15T16:17:49+02:00,2638096
2026-09-15T16:17:50+02:00,2638096
2026-09-15T16:17:51+02:00,2638096
2026-09-15T16:17:52+02:00,2638096
2026-09-15T16:17:53+02:00,2638096
2026-09-15T16:17:54+02:00,2638096
2026-09-15T16:17:55+02:00,2638096
2026-09-15T16:17:57+02:00,2638096
2026-09-15T16:17:58+02:00,2638096
2026-09-15T16:17:59+02:00,2638096
2026-09-15T16:18:00+02:00,2638096
2026-09-15T16:18:01+02:00,2638096
2026-09-15T16:18:02+02:00,2638096
2026-09-15T16:18:03+02:00,2638096
2026-09-15T16:18:04+02:00,2638096
2026-09-15T16:18:05+02:00,2638096
2026-09-15T16:18:06+02:00,2638096
2026-09-15T16:18:07+02:00,2659392
2026-09-15T16:18:08+02:00,2659392
2026-09-15T16:18:09+02:00,2659392
2026-09-15T16:18:11+02:00,2659392
2026-09-15T16:18:12+02:00,2659392
2026-09-15T16:18:13+02:00,2659392
2026-09-15T16:18:14+02:00,2659392
2026-09-15T16:18:15+02:00,2659392
2026-09-15T16:18:16+02:00,2659392
2026-09-15T16:18:17+02:00,2659392
2026-09-15T16:18:18+02:00,2659392
2026-09-15T16:18:19+02:00,2659392
2026-09-15T16:18:20+02:00,2659392
2026-09-15T16:18:21+02:00,2659392
2026-09-15T16:18:22+02:00,2659392
2026-09-15T16:18:23+02:00,2659392
2026-09-15T16:18:25+02:00,2659392
2026-09-15T16:18:26+02:00,2659392
2026-09-15T16:18:27+02:00,2659392
2026-09-15T16:18:28+02:00,2659392
2026-09-15T16:18:29+02:00,2659392
2026-09-15T16:18:30+02:00,2659392
2026-09-15T16:18:31+02:00,2659392
2026-09-15T16:18:32+02:00,2659392
2026-09-15T16:18:33+02:00,2659392
2026-09-15T16:18:34+02:00,2659392
2026-09-15T16:18:35+02:00,2659392
2026-09-15T16:18:36+02:00,2659392
2026-09-15T16:18:37+02:00,2659392
2026-09-15T16:18:39+02:00,2659392
2026-09-15T16:18:40+02:00,2659392
2026-09-15T16:18:41+02:00,2659392
2026-09-15T16:18:42+02:00,2659392
2026-09-15T16:18:43+02:00,2659392
2026-09-15T16:18:44+02:00,2659392
2026-09-15T16:18:45+02:00,2659392
2026-09-15T16:18:46+02:00,2659392
2026-09-15T16:18:47+02:00,2659392
2026-09-15T16:18:48+02:00,2659392
2026-09-15T16:18:49+02:00,2659392
2026-09-15T16:18:50+02:00,2659392
2026-09-15T16:18:52+02:00,2659392
2026-09-15T16:18:53+02:00,2659392
2026-09-15T16:18:54+02:00,2659392
2026-09-15T16:18:55+02:00,2659392
2026-09-15T16:18:56+02:00,2659392
2026-09-15T16:18:57+02:00,2659392
2026-09-15T16:18:58+02:00,2659392
2026-09-15T16:18:59+02:00,2659392
2026-09-15T16:19:00+02:00,2659392
2026-09-15T16:19:01+02:00,2659392
2026-09-15T16:19:02+02:00,2659392
2026-09-15T16:19:03+02:00,2659392
2026-09-15T16:19:04+02:00,2659392
2026-09-15T16:19:06+02:00,2659392
2026-09-15T16:19:07+02:00,2659392
2026-09-15T16:19:08+02:00,2659392
2026-09-15T16:19:09+02:00,2659392
2026-09-15T16:19:10+02:00,2659392
2026-09-15T16:19:11+02:00,2659392
2026-09-15T16:19:12+02:00,2659392
2026-09-15T16:19:13+02:00,2659392
2026-09-15T16:19:14+02:00,2659392
2026-09-15T16:19:15+02:00,2691440
2026-09-15T16:19:16+02:00,2691440
2026-09-15T16:19:17+02:00,2691440
2026-09-15T16:19:18+02:00,2691440
2026-09-15T16:19:19+02:00,2691440
2026-09-15T16:19:21+02:00,2691440
2026-09-15T16:19:22+02:00,2691440
2026-09-15T16:19:23+02:00,2691440
2026-09-15T16:19:24+02:00,2691440
2026-09-15T16:19:25+02:00,2691440
2026-09-15T16:19:26+02:00,2691440
2026-09-15T16:19:27+02:00,2691440
2026-09-15T16:19:28+02:00,2691440
2026-09-15T16:19:29+02:00,2691440
2026-09-15T16:19:30+02:00,2691440
2026-09-15T16:19:31+02:00,2691440
2026-09-15T16:19:33+02:00,2691440
2026-09-15T16:19:34+02:00,2691440
2026-09-15T16:19:35+02:00,2691440
2026-09-15T16:19:36+02:00,2691440
2026-09-15T16:19:37+02:00,2691440
2026-09-15T16:19:38+02:00,2691440
2026-09-15T16:19:39+02:00,2691440
2026-09-15T16:19:40+02:00,2691440
2026-09-15T16:19:41+02:00,2691440
2026-09-15T16:19:42+02:00,2691440
2026-09-15T16:19:43+02:00,2691440
2026-09-15T16:19:44+02:00,2691440
2026-09-15T16:19:46+02:00,2691440
2026-09-15T16:19:47+02:00,2691440
2026-09-15T16:19:48+02:00,2691440
2026-09-15T16:19:49+02:00,2691440
2026-09-15T16:19:50+02:00,2691440
2026-09-15T16:19:51+02:00,2691440
2026-09-15T16:19:52+02:00,2691440
2026-09-15T16:19:53+02:00,2691440
2026-09-15T16:19:54+02:00,2691440
2026-09-15T16:19:55+02:00,2691440
2026-09-15T16:19:56+02:00,2691440
2026-09-15T16:19:57+02:00,2691440
2026-09-15T16:19:59+02:00,2691440
2026-09-15T16:20:00+02:00,2691440
2026-09-15T16:20:01+02:00,2691440
2026-09-15T16:20:02+02:00,2691440
2026-09-15T16:20:03+02:00,2691440
2026-09-15T16:20:04+02:00,2691440
2026-09-15T16:20:05+02:00,2718000
2026-09-15T16:20:06+02:00,2718000
2026-09-15T16:20:07+02:00,2718000
2026-09-15T16:20:08+02:00,2718000
2026-09-15T16:20:09+02:00,2718000
2026-09-15T16:20:10+02:00,2718000
2026-09-15T16:20:11+02:00,2718000
2026-09-15T16:20:13+02:00,2718000
2026-09-15T16:20:14+02:00,2718000
2026-09-15T16:20:15+02:00,2718000
2026-09-15T16:20:16+02:00,2718000
2026-09-15T16:20:17+02:00,2718000
2026-09-15T16:20:18+02:00,2718000
2026-09-15T16:20:19+02:00,2718000
2026-09-15T16:20:20+02:00,2718000
2026-09-15T16:20:21+02:00,2718000
2026-09-15T16:20:22+02:00,2718000
2026-09-15T16:20:23+02:00,2718000
2026-09-15T16:20:25+02:00,2718000
2026-09-15T16:20:26+02:00,2718000
2026-09-15T16:20:27+02:00,2718000
2026-09-15T16:20:28+02:00,2718000
2026-09-15T16:20:29+02:00,2718000
2026-09-15T16:20:30+02:00,2718000
2026-09-15T16:20:31+02:00,2718000
2026-09-15T16:20:32+02:00,2718000
2026-09-15T16:20:33+02:00,2718000
2026-09-15T16:20:34+02:00,2718000
2026-09-15T16:20:35+02:00,2718000
2026-09-15T16:20:36+02:00,2718000
2026-09-15T16:20:38+02:00,2718000
2026-09-15T16:20:39+02:00,2718000
2026-09-15T16:20:40+02:00,2718000
2026-09-15T16:20:41+02:00,2718000
2026-09-15T16:20:42+02:00,2718000
2026-09-15T16:20:43+02:00,2718000
2026-09-15T16:20:44+02:00,2718000
2026-09-15T16:20:45+02:00,2718000
2026-09-15T16:20:46+02:00,2718000
2026-09-15T16:20:47+02:00,2718000
2026-09-15T16:20:48+02:00,2718000
2026-09-15T16:20:49+02:00,2742544
2026-09-15T16:20:50+02:00,2742544
2026-09-15T16:20:51+02:00,2742544
2026-09-15T16:20:53+02:00,2742544
2026-09-15T16:20:54+02:00,2742544
2026-09-15T16:20:55+02:00,2742544
2026-09-15T16:20:56+02:00,2742544
2026-09-15T16:20:57+02:00,2742544
2026-09-15T16:20:58+02:00,2742544
2026-09-15T16:20:59+02:00,2742544
2026-09-15T16:21:00+02:00,2742544
2026-09-15T16:21:01+02:00,2742544
2026-09-15T16:21:02+02:00,2742544
2026-09-15T16:21:03+02:00,2742544
2026-09-15T16:21:05+02:00,2742544
2026-09-15T16:21:06+02:00,2742544
2026-09-15T16:21:07+02:00,2742544
2026-09-15T16:21:08+02:00,2742544
2026-09-15T16:21:09+02:00,2742544
2026-09-15T16:21:10+02:00,2742544
2026-09-15T16:21:11+02:00,2742544
2026-09-15T16:21:12+02:00,2742544
2026-09-15T16:21:13+02:00,2742544
2026-09-15T16:21:14+02:00,2742544
2026-09-15T16:21:15+02:00,2742544
2026-09-15T16:21:17+02:00,2742544
2026-09-15T16:21:18+02:00,2742544
2026-09-15T16:21:19+02:00,2742544
2026-09-15T16:21:20+02:00,2742544
2026-09-15T16:21:21+02:00,2742544
2026-09-15T16:21:22+02:00,2742544
2026-09-15T16:21:23+02:00,2742544
2026-09-15T16:21:24+02:00,2742544
2026-09-15T16:21:25+02:00,2742544
2026-09-15T16:21:26+02:00,2742544
2026-09-15T16:21:27+02:00,2742544
2026-09-15T16:21:28+02:00,2742544
2026-09-15T16:21:29+02:00,2742544
2026-09-15T16:21:30+02:00,2765536
2026-09-15T16:21:32+02:00,2765536
2026-09-15T16:21:33+02:00,2765536
2026-09-15T16:21:34+02:00,2765536
2026-09-15T16:21:35+02:00,2765536
2026-09-15T16:21:36+02:00,2765536
2026-09-15T16:21:37+02:00,2765536
2026-09-15T16:21:38+02:00,2765536
2026-09-15T16:21:39+02:00,2765536
2026-09-15T16:21:40+02:00,2765536
2026-09-15T16:21:41+02:00,2765536
2026-09-15T16:21:42+02:00,2765536
2026-09-15T16:21:43+02:00,2765536
2026-09-15T16:21:45+02:00,2765536
2026-09-15T16:21:46+02:00,2765536
2026-09-15T16:21:47+02:00,2765536
2026-09-15T16:21:48+02:00,2765536
2026-09-15T16:21:49+02:00,2765536
2026-09-15T16:21:50+02:00,2765536
2026-09-15T16:21:51+02:00,2765536
2026-09-15T16:21:52+02:00,2765536
2026-09-15T16:21:53+02:00,2765536
2026-09-15T16:21:54+02:00,2765536
2026-09-15T16:21:55+02:00,2765536
2026-09-15T16:21:57+02:00,2765536
2026-09-15T16:21:58+02:00,2765536
2026-09-15T16:21:59+02:00,2765536
2026-09-15T16:22:00+02:00,2765536
2026-09-15T16:22:01+02:00,2765536
2026-09-15T16:22:02+02:00,2765536
2026-09-15T16:22:03+02:00,2765536
2026-09-15T16:22:04+02:00,2765536
2026-09-15T16:22:05+02:00,2765536
2026-09-15T16:22:06+02:00,2765536
2026-09-15T16:22:07+02:00,2765536
2026-09-15T16:22:08+02:00,2765536
2026-09-15T16:22:09+02:00,2787840
2026-09-15T16:22:11+02:00,2787840
2026-09-15T16:22:12+02:00,2787840
2026-09-15T16:22:13+02:00,2787840
2026-09-15T16:22:14+02:00,2787840
2026-09-15T16:22:15+02:00,2787840
2026-09-15T16:22:16+02:00,2787840
2026-09-15T16:22:17+02:00,2787840
2026-09-15T16:22:18+02:00,2787840
2026-09-15T16:22:19+02:00,2787840
2026-09-15T16:22:20+02:00,2787840
2026-09-15T16:22:21+02:00,2787840
2026-09-15T16:22:22+02:00,2787840
2026-09-15T16:22:24+02:00,2787840
2026-09-15T16:22:25+02:00,2787840
2026-09-15T16:22:26+02:00,2787840
2026-09-15T16:22:27+02:00,2787840
2026-09-15T16:22:28+02:00,2787840
2026-09-15T16:22:29+02:00,2787840
2026-09-15T16:22:30+02:00,2787840
2026-09-15T16:22:31+02:00,2787840
2026-09-15T16:22:32+02:00,2787840
2026-09-15T16:22:33+02:00,2787840
2026-09-15T16:22:34+02:00,2787840
2026-09-15T16:22:36+02:00,2787840
2026-09-15T16:22:37+02:00,2787840
2026-09-15T16:22:38+02:00,2787840
2026-09-15T16:22:39+02:00,2787840
2026-09-15T16:22:40+02:00,2787840
2026-09-15T16:22:41+02:00,2787840
2026-09-15T16:22:42+02:00,2787840
2026-09-15T16:22:43+02:00,2787840
2026-09-15T16:22:44+02:00,2787840
2026-09-15T16:22:45+02:00,2787840
2026-09-15T16:22:46+02:00,2787840
2026-09-15T16:22:47+02:00,2787840
2026-09-15T16:22:48+02:00,2787840
2026-09-15T16:22:50+02:00,2810144
2026-09-15T16:22:51+02:00,2810144
2026-09-15T16:22:52+02:00,2810144
2026-09-15T16:22:53+02:00,2810144
2026-09-15T16:22:54+02:00,2810144
2026-09-15T16:22:55+02:00,2810144
2026-09-15T16:22:56+02:00,2810144
2026-09-15T16:22:57+02:00,2810144
2026-09-15T16:22:58+02:00,2810144
2026-09-15T16:22:59+02:00,2810144
2026-09-15T16:23:00+02:00,2810144
2026-09-15T16:23:02+02:00,2810144
2026-09-15T16:23:03+02:00,2810144
2026-09-15T16:23:04+02:00,2810144
2026-09-15T16:23:05+02:00,2810144
2026-09-15T16:23:06+02:00,2810144
2026-09-15T16:23:07+02:00,2810144
2026-09-15T16:23:08+02:00,2810144
2026-09-15T16:23:09+02:00,2810144
2026-09-15T16:23:10+02:00,2810144
2026-09-15T16:23:11+02:00,2810144
2026-09-15T16:23:12+02:00,2810144
2026-09-15T16:23:13+02:00,2810144
2026-09-15T16:23:15+02:00,2810144
2026-09-15T16:23:16+02:00,2810144
2026-09-15T16:23:17+02:00,2810144
2026-09-15T16:23:18+02:00,2810144
2026-09-15T16:23:19+02:00,2810144
2026-09-15T16:23:20+02:00,2810144
2026-09-15T16:23:21+02:00,2810144
2026-09-15T16:23:22+02:00,2810144
2026-09-15T16:23:23+02:00,2810144
2026-09-15T16:23:24+02:00,2810144
2026-09-15T16:23:25+02:00,2810144
2026-09-15T16:23:26+02:00,2810144
2026-09-15T16:23:27+02:00,2810144
2026-09-15T16:23:29+02:00,2810144
2026-09-15T16:23:30+02:00,2810144
2026-09-15T16:23:31+02:00,2810144
2026-09-15T16:23:32+02:00,2810144
2026-09-15T16:23:33+02:00,2810144
2026-09-15T16:23:34+02:00,2810144
2026-09-15T16:23:35+02:00,2810144
2026-09-15T16:23:36+02:00,2810144
2026-09-15T16:23:37+02:00,2810144
2026-09-15T16:23:38+02:00,2810144
2026-09-15T16:23:39+02:00,2810144
2026-09-15T16:23:40+02:00,2810144
2026-09-15T16:23:41+02:00,2810144
2026-09-15T16:23:42+02:00,2810144
2026-09-15T16:23:43+02:00,2810144
2026-09-15T16:23:45+02:00,2810144
2026-09-15T16:23:46+02:00,2810144
2026-09-15T16:23:47+02:00,2810144
2026-09-15T16:23:48+02:00,2810144
2026-09-15T16:23:49+02:00,2810144
2026-09-15T16:23:50+02:00,2810144
2026-09-15T16:23:51+02:00,2810144
2026-09-15T16:23:52+02:00,2810144
2026-09-15T16:23:53+02:00,2810144
2026-09-15T16:23:54+02:00,2810144
2026-09-15T16:23:55+02:00,2810144
2026-09-15T16:23:56+02:00,2810144
2026-09-15T16:23:57+02:00,2810144
2026-09-15T16:23:58+02:00,2843648
2026-09-15T16:24:00+02:00,2843648
2026-09-15T16:24:01+02:00,2843648
2026-09-15T16:24:02+02:00,2843648
2026-09-15T16:24:03+02:00,2843648
2026-09-15T16:24:04+02:00,2843648
2026-09-15T16:24:05+02:00,2843648
2026-09-15T16:24:06+02:00,2843648
2026-09-15T16:24:07+02:00,2843648
2026-09-15T16:24:08+02:00,2843648
2026-09-15T16:24:09+02:00,2843648
2026-09-15T16:24:10+02:00,2843648
2026-09-15T16:24:11+02:00,2843648
2026-09-15T16:24:12+02:00,2843648
2026-09-15T16:24:14+02:00,2843648
2026-09-15T16:24:15+02:00,2843648
2026-09-15T16:24:16+02:00,2843648
2026-09-15T16:24:17+02:00,2843648
2026-09-15T16:24:18+02:00,2843648
2026-09-15T16:24:19+02:00,2843648
2026-09-15T16:24:20+02:00,2843648
2026-09-15T16:24:21+02:00,2843648
2026-09-15T16:24:22+02:00,2843648
2026-09-15T16:24:23+02:00,2843648
2026-09-15T16:24:24+02:00,2843648
2026-09-15T16:24:26+02:00,2843648
2026-09-15T16:24:27+02:00,2843648
2026-09-15T16:24:28+02:00,2843648
2026-09-15T16:24:29+02:00,2843648
2026-09-15T16:24:30+02:00,2843648
2026-09-15T16:24:31+02:00,2843648
2026-09-15T16:24:32+02:00,2843648
2026-09-15T16:24:33+02:00,2843648
2026-09-15T16:24:34+02:00,2843648
2026-09-15T16:24:35+02:00,2843648
2026-09-15T16:24:36+02:00,2843648
2026-09-15T16:24:37+02:00,2843648
2026-09-15T16:24:39+02:00,2865408
2026-09-15T16:24:40+02:00,2865408
2026-09-15T16:24:41+02:00,2865408
2026-09-15T16:24:42+02:00,2865408
2026-09-15T16:24:43+02:00,2865408
2026-09-15T16:24:44+02:00,2865408
2026-09-15T16:24:45+02:00,2865408
2026-09-15T16:24:46+02:00,2865408
2026-09-15T16:24:47+02:00,2865408
2026-09-15T16:24:48+02:00,2865408
2026-09-15T16:24:49+02:00,2865408
2026-09-15T16:24:51+02:00,2865408
2026-09-15T16:24:52+02:00,2865408
2026-09-15T16:24:53+02:00,2865408
2026-09-15T16:24:54+02:00,2865408
2026-09-15T16:24:55+02:00,2865408
2026-09-15T16:24:56+02:00,2865408
2026-09-15T16:24:57+02:00,2865408
2026-09-15T16:24:58+02:00,2865408
2026-09-15T16:24:59+02:00,2865408
2026-09-15T16:25:00+02:00,2865408
2026-09-15T16:25:01+02:00,2865408
2026-09-15T16:25:02+02:00,2865408
2026-09-15T16:25:03+02:00,2865408
2026-09-15T16:25:05+02:00,2865408
2026-09-15T16:25:06+02:00,2865408
2026-09-15T16:25:07+02:00,2865408
2026-09-15T16:25:08+02:00,2865408
2026-09-15T16:25:09+02:00,2865408
2026-09-15T16:25:10+02:00,2865408
2026-09-15T16:25:11+02:00,2865408
2026-09-15T16:25:12+02:00,2865408
2026-09-15T16:25:13+02:00,2865408
2026-09-15T16:25:14+02:00,2865408
2026-09-15T16:25:15+02:00,2865408
2026-09-15T16:25:16+02:00,2865408
2026-09-15T16:25:17+02:00,2865408
2026-09-15T16:25:18+02:00,2865408
2026-09-15T16:25:20+02:00,2888048
2026-09-15T16:25:21+02:00,2888048
2026-09-15T16:25:22+02:00,2888048
2026-09-15T16:25:23+02:00,2888048
2026-09-15T16:25:24+02:00,2888048
2026-09-15T16:25:25+02:00,2888048
2026-09-15T16:25:26+02:00,2888048
2026-09-15T16:25:27+02:00,2888048
2026-09-15T16:25:28+02:00,2888048
2026-09-15T16:25:29+02:00,2888048
2026-09-15T16:25:30+02:00,2888048
2026-09-15T16:25:31+02:00,2888048
2026-09-15T16:25:33+02:00,2888048
2026-09-15T16:25:34+02:00,2888048
2026-09-15T16:25:35+02:00,2888048
2026-09-15T16:25:36+02:00,2888048
2026-09-15T16:25:37+02:00,2888048
2026-09-15T16:25:38+02:00,2888048
2026-09-15T16:25:39+02:00,2888048
2026-09-15T16:25:40+02:00,2888048
2026-09-15T16:25:41+02:00,2888048
2026-09-15T16:25:42+02:00,2888048
2026-09-15T16:25:43+02:00,2888048
2026-09-15T16:25:45+02:00,2888048
2026-09-15T16:25:46+02:00,2888048
2026-09-15T16:25:47+02:00,2888048
2026-09-15T16:25:48+02:00,2888048
2026-09-15T16:25:49+02:00,2888048
2026-09-15T16:25:50+02:00,2888048
2026-09-15T16:25:51+02:00,2888048
2026-09-15T16:25:52+02:00,2888048
2026-09-15T16:25:53+02:00,2888048
2026-09-15T16:25:54+02:00,2888048
2026-09-15T16:25:55+02:00,2888048
2026-09-15T16:25:56+02:00,2888048
2026-09-15T16:25:57+02:00,2909136
2026-09-15T16:25:58+02:00,2909136
2026-09-15T16:26:00+02:00,2909136
2026-09-15T16:26:01+02:00,2909136
2026-09-15T16:26:02+02:00,2909136
2026-09-15T16:26:03+02:00,2909136
2026-09-15T16:26:04+02:00,2909136
2026-09-15T16:26:05+02:00,2909136
2026-09-15T16:26:06+02:00,2909136
2026-09-15T16:26:07+02:00,2909136
2026-09-15T16:26:08+02:00,2909136
2026-09-15T16:26:09+02:00,2909136
2026-09-15T16:26:10+02:00,2909136
2026-09-15T16:26:11+02:00,2909136
2026-09-15T16:26:13+02:00,2909136
2026-09-15T16:26:14+02:00,2909136
2026-09-15T16:26:15+02:00,2909136
2026-09-15T16:26:16+02:00,2909136
2026-09-15T16:26:17+02:00,2909136
2026-09-15T16:26:18+02:00,2909136
2026-09-15T16:26:19+02:00,2909136
2026-09-15T16:26:20+02:00,2909136
2026-09-15T16:26:21+02:00,2909136
2026-09-15T16:26:22+02:00,2909136
2026-09-15T16:26:23+02:00,2909136
2026-09-15T16:26:25+02:00,2909136
2026-09-15T16:26:26+02:00,2909136
2026-09-15T16:26:27+02:00,2909136
2026-09-15T16:26:28+02:00,2909136
2026-09-15T16:26:29+02:00,2909136
2026-09-15T16:26:30+02:00,2909136
2026-09-15T16:26:31+02:00,2909136
2026-09-15T16:26:32+02:00,2909136
2026-09-15T16:26:33+02:00,2909136
2026-09-15T16:26:34+02:00,2909136
2026-09-15T16:26:35+02:00,2909136
2026-09-15T16:26:36+02:00,2909136
2026-09-15T16:26:38+02:00,2909136
2026-09-15T16:26:39+02:00,2909136
2026-09-15T16:26:40+02:00,2909136
2026-09-15T16:26:41+02:00,2909136
2026-09-15T16:26:42+02:00,2933024
2026-09-15T16:26:43+02:00,2933024
2026-09-15T16:26:44+02:00,2933024
2026-09-15T16:26:45+02:00,2933024
2026-09-15T16:26:46+02:00,2933024
2026-09-15T16:26:47+02:00,2933024
2026-09-15T16:26:48+02:00,2933024
2026-09-15T16:26:49+02:00,2933024
2026-09-15T16:26:51+02:00,2933024
2026-09-15T16:26:52+02:00,2933024
2026-09-15T16:26:53+02:00,2933024
2026-09-15T16:26:54+02:00,2933024
2026-09-15T16:26:55+02:00,2933024
2026-09-15T16:26:56+02:00,2933024
2026-09-15T16:26:57+02:00,2933024
2026-09-15T16:26:58+02:00,2933024
2026-09-15T16:26:59+02:00,2933024
2026-09-15T16:27:00+02:00,2933024
2026-09-15T16:27:01+02:00,2933024
2026-09-15T16:27:03+02:00,2933024
2026-09-15T16:27:04+02:00,2933024
2026-09-15T16:27:05+02:00,2933024
2026-09-15T16:27:06+02:00,2933024
2026-09-15T16:27:07+02:00,2933024
2026-09-15T16:27:08+02:00,2933024
2026-09-15T16:27:09+02:00,2933024
2026-09-15T16:27:10+02:00,2933024
2026-09-15T16:27:11+02:00,2933024
2026-09-15T16:27:12+02:00,2933024
2026-09-15T16:27:13+02:00,2933024
2026-09-15T16:27:14+02:00,2933024
2026-09-15T16:27:15+02:00,2933024
2026-09-15T16:27:17+02:00,2933024
2026-09-15T16:27:18+02:00,2933024
2026-09-15T16:27:19+02:00,2933024
2026-09-15T16:27:20+02:00,2933024
2026-09-15T16:27:21+02:00,2933024
2026-09-15T16:27:22+02:00,2955456
2026-09-15T16:27:23+02:00,2955456
2026-09-15T16:27:24+02:00,2955456
2026-09-15T16:27:25+02:00,2955456
2026-09-15T16:27:26+02:00,2955456
2026-09-15T16:27:27+02:00,2955456
2026-09-15T16:27:28+02:00,2955456
2026-09-15T16:27:29+02:00,2955456
2026-09-15T16:27:31+02:00,2955456
2026-09-15T16:27:32+02:00,2955456
2026-09-15T16:27:33+02:00,2955456
2026-09-15T16:27:34+02:00,2955456
2026-09-15T16:27:35+02:00,2955456
2026-09-15T16:27:36+02:00,2955456
2026-09-15T16:27:37+02:00,2955456
2026-09-15T16:27:38+02:00,2955456
2026-09-15T16:27:39+02:00,2955456
2026-09-15T16:27:40+02:00,2955456
2026-09-15T16:27:41+02:00,2955456
2026-09-15T16:27:43+02:00,2955456
2026-09-15T16:27:44+02:00,2955456
2026-09-15T16:27:45+02:00,2955456
2026-09-15T16:27:46+02:00,2955456
2026-09-15T16:27:47+02:00,2955456
2026-09-15T16:27:48+02:00,2955456
2026-09-15T16:27:49+02:00,2955456
2026-09-15T16:27:50+02:00,2955456
2026-09-15T16:27:51+02:00,2955456
2026-09-15T16:27:52+02:00,2955456
2026-09-15T16:27:53+02:00,2974064
2026-09-15T16:27:54+02:00,2974064
2026-09-15T16:27:55+02:00,2974064
2026-09-15T16:27:57+02:00,2974064
2026-09-15T16:27:58+02:00,2974064
2026-09-15T16:27:59+02:00,2974064
2026-09-15T16:28:00+02:00,2974064
2026-09-15T16:28:01+02:00,2974064
2026-09-15T16:28:02+02:00,2974064
2026-09-15T16:28:03+02:00,2974064
2026-09-15T16:28:04+02:00,2974064
2026-09-15T16:28:05+02:00,2974064
2026-09-15T16:28:06+02:00,2974064
2026-09-15T16:28:07+02:00,2974064
2026-09-15T16:28:08+02:00,2974064
2026-09-15T16:28:10+02:00,2974064
2026-09-15T16:28:11+02:00,2974064
2026-09-15T16:28:12+02:00,2974064
2026-09-15T16:28:13+02:00,2974064
2026-09-15T16:28:14+02:00,2974064
2026-09-15T16:28:15+02:00,2974064
2026-09-15T16:28:16+02:00,2974064
2026-09-15T16:28:17+02:00,2974064
2026-09-15T16:28:18+02:00,2974064
2026-09-15T16:28:19+02:00,2974064
2026-09-15T16:28:20+02:00,2991008
2026-09-15T16:28:21+02:00,2991008
2026-09-15T16:28:22+02:00,2991008
2026-09-15T16:28:24+02:00,2991008
2026-09-15T16:28:25+02:00,2991008
2026-09-15T16:28:26+02:00,2991008
2026-09-15T16:28:27+02:00,2991008
2026-09-15T16:28:28+02:00,2991008
2026-09-15T16:28:29+02:00,2991008
2026-09-15T16:28:30+02:00,2991008
2026-09-15T16:28:31+02:00,2991008
2026-09-15T16:28:32+02:00,2991008
2026-09-15T16:28:33+02:00,2991008
2026-09-15T16:28:34+02:00,2991008
2026-09-15T16:28:35+02:00,2991008
2026-09-15T16:28:37+02:00,2991008
2026-09-15T16:28:38+02:00,2991008
2026-09-15T16:28:39+02:00,2991008
2026-09-15T16:28:40+02:00,2991008
2026-09-15T16:28:41+02:00,2991008
2026-09-15T16:28:42+02:00,2991008
2026-09-15T16:28:43+02:00,2991008
2026-09-15T16:28:44+02:00,2991008
2026-09-15T16:28:45+02:00,2991008
2026-09-15T16:28:46+02:00,2991008
2026-09-15T16:28:47+02:00,2991008
2026-09-15T16:28:48+02:00,2991008
2026-09-15T16:28:50+02:00,2991008
2026-09-15T16:28:51+02:00,2991008
2026-09-15T16:28:52+02:00,2991008
2026-09-15T16:28:53+02:00,2991008
2026-09-15T16:28:54+02:00,2991008
2026-09-15T16:28:55+02:00,2991008
2026-09-15T16:28:56+02:00,2991008
2026-09-15T16:28:57+02:00,2991008
2026-09-15T16:28:58+02:00,2991008
2026-09-15T16:28:59+02:00,2991008
2026-09-15T16:29:00+02:00,2991008
2026-09-15T16:29:01+02:00,2991008
2026-09-15T16:29:02+02:00,2991008
2026-09-15T16:29:03+02:00,2991008
2026-09-15T16:29:05+02:00,2991008
2026-09-15T16:29:06+02:00,2991008
2026-09-15T16:29:07+02:00,2991008
2026-09-15T16:29:08+02:00,2991008
2026-09-15T16:29:09+02:00,2991008
2026-09-15T16:29:10+02:00,2991008
2026-09-15T16:29:11+02:00,2991008
2026-09-15T16:29:12+02:00,2991008
2026-09-15T16:29:13+02:00,2991008
2026-09-15T16:29:14+02:00,2991008
2026-09-15T16:29:15+02:00,2991008
2026-09-15T16:29:16+02:00,2991008
2026-09-15T16:29:17+02:00,2991008
2026-09-15T16:29:19+02:00,2991008
2026-09-15T16:29:20+02:00,2991008
2026-09-15T16:29:21+02:00,2991008
2026-09-15T16:29:22+02:00,2991008
2026-09-15T16:29:23+02:00,2991008
2026-09-15T16:29:24+02:00,2991008
2026-09-15T16:29:25+02:00,2991008
2026-09-15T16:29:26+02:00,2991008
2026-09-15T16:29:27+02:00,2991008
2026-09-15T16:29:28+02:00,2991008
2026-09-15T16:29:29+02:00,2991008
2026-09-15T16:29:30+02:00,2991008
2026-09-15T16:29:31+02:00,2991008
2026-09-15T16:29:32+02:00,3025856
2026-09-15T16:29:34+02:00,3025856
2026-09-15T16:29:35+02:00,3025856
2026-09-15T16:29:36+02:00,3025856
2026-09-15T16:29:37+02:00,3025856
2026-09-15T16:29:38+02:00,3025856
2026-09-15T16:29:39+02:00,3025856
2026-09-15T16:29:40+02:00,3025856
2026-09-15T16:29:41+02:00,3025856
2026-09-15T16:29:42+02:00,3025856
2026-09-15T16:29:43+02:00,3025856
2026-09-15T16:29:44+02:00,3025856
2026-09-15T16:29:45+02:00,3025856
2026-09-15T16:29:47+02:00,3025856
2026-09-15T16:29:48+02:00,3025856
2026-09-15T16:29:49+02:00,3025856
2026-09-15T16:29:50+02:00,3025856
2026-09-15T16:29:51+02:00,3025856
2026-09-15T16:29:52+02:00,3025856
2026-09-15T16:29:53+02:00,3025856
2026-09-15T16:29:54+02:00,3025856
2026-09-15T16:29:55+02:00,3025856
2026-09-15T16:29:56+02:00,3025856
2026-09-15T16:29:57+02:00,3025856
2026-09-15T16:29:58+02:00,3025856
2026-09-15T16:30:00+02:00,3025856
2026-09-15T16:30:01+02:00,3025856
2026-09-15T16:30:02+02:00,3025856
2026-09-15T16:30:03+02:00,3025856
2026-09-15T16:30:04+02:00,3025856
2026-09-15T16:30:05+02:00,3025856
2026-09-15T16:30:06+02:00,3025856
2026-09-15T16:30:07+02:00,3025856
2026-09-15T16:30:08+02:00,3025856
2026-09-15T16:30:09+02:00,3025856
2026-09-15T16:30:10+02:00,3025856
2026-09-15T16:30:11+02:00,3025856
2026-09-15T16:30:12+02:00,3025856
2026-09-15T16:30:13+02:00,3025856
2026-09-15T16:30:14+02:00,3025856
2026-09-15T16:30:15+02:00,3025856
2026-09-15T16:30:17+02:00,3025856
2026-09-15T16:30:18+02:00,3025856
2026-09-15T16:30:19+02:00,3025856
2026-09-15T16:30:20+02:00,3025856
2026-09-15T16:30:21+02:00,3025856
2026-09-15T16:30:22+02:00,3025856
2026-09-15T16:30:23+02:00,3025856
2026-09-15T16:30:24+02:00,3025856
2026-09-15T16:30:25+02:00,3025856
2026-09-15T16:30:26+02:00,3025856
2026-09-15T16:30:27+02:00,3025856
2026-09-15T16:30:28+02:00,3025856
2026-09-15T16:30:29+02:00,3025856
2026-09-15T16:30:30+02:00,3025856
2026-09-15T16:30:31+02:00,3025856
2026-09-15T16:30:32+02:00,3025856
2026-09-15T16:30:33+02:00,3025856
2026-09-15T16:30:34+02:00,3025856
2026-09-15T16:30:35+02:00,3025856
2026-09-15T16:30:36+02:00,3025856
2026-09-15T16:30:37+02:00,3025856
2026-09-15T16:30:38+02:00,3025856
2026-09-15T16:30:39+02:00,3025856
2026-09-15T16:30:40+02:00,3025856
2026-09-15T16:30:41+02:00,3025856
2026-09-15T16:30:42+02:00,3025856
2026-09-15T16:30:43+02:00,3025856
2026-09-15T16:30:44+02:00,3025856
2026-09-15T16:30:45+02:00,3025856
2026-09-15T16:30:46+02:00,3025856
2026-09-15T16:30:47+02:00,3025856
2026-09-15T16:30:48+02:00,3025856
2026-09-15T16:30:49+02:00,3025856
2026-09-15T16:30:50+02:00,3025856
2026-09-15T16:30:52+02:00,3025856
2026-09-15T16:30:53+02:00,3025856
2026-09-15T16:30:54+02:00,3025856
2026-09-15T16:30:55+02:00,3025856
2026-09-15T16:30:56+02:00,3025856
2026-09-15T16:30:57+02:00,3025856
2026-09-15T16:30:58+02:00,3025856
2026-09-15T16:30:59+02:00,3025856
2026-09-15T16:31:00+02:00,3025856
2026-09-15T16:31:01+02:00,3025856
2026-09-15T16:31:02+02:00,3025856
2026-09-15T16:31:03+02:00,3025856
2026-09-15T16:31:04+02:00,3025856
2026-09-15T16:31:05+02:00,3025856
2026-09-15T16:31:06+02:00,3025856
2026-09-15T16:31:07+02:00,3025856
2026-09-15T16:31:08+02:00,3025856
2026-09-15T16:31:09+02:00,3025856
2026-09-15T16:31:10+02:00,3025856
2026-09-15T16:31:11+02:00,3025856
2026-09-15T16:31:12+02:00,3025856
2026-09-15T16:31:13+02:00,3025856
2026-09-15T16:31:14+02:00,3025856
2026-09-15T16:31:15+02:00,3025856
2026-09-15T16:31:16+02:00,3025856
2026-09-15T16:31:17+02:00,3025856
2026-09-15T16:31:18+02:00,3025856
2026-09-15T16:31:19+02:00,3025856
2026-09-15T16:31:20+02:00,3025856
2026-09-15T16:31:21+02:00,3025856
2026-09-15T16:31:22+02:00,3025856
2026-09-15T16:31:23+02:00,3025856
2026-09-15T16:31:24+02:00,3025856
2026-09-15T16:31:26+02:00,3025856
2026-09-15T16:31:27+02:00,3025856
2026-09-15T16:31:28+02:00,3025856
2026-09-15T16:31:29+02:00,3025856
2026-09-15T16:31:30+02:00,3025856
2026-09-15T16:31:31+02:00,3025856
2026-09-15T16:31:32+02:00,3025856
2026-09-15T16:31:33+02:00,3025856
2026-09-15T16:31:34+02:00,3025856
2026-09-15T16:31:35+02:00,3025856
